dur,Protocol,Length,Source Host,Destination Host,Sender IP address,Target IP address,Opcode,checksom(ICMP),Sequence Number (LE),Sequence Number (BE),File Data,Content length,Request URI Query,Request Method,Full Request URI,Request Version,Response,Ack No,Ack No (RAW),Checksum(TCP),Connection Finish ,Connection Reset,Connection Establish Request,Connection Establish Ack,Source Port,Destination Port,TCPFlags,Acknowledgment,TCP Segment Length,TCP Options,TCP Payload,TCP Seq No,Src or Drc port,Stream index,Time since previous frame,Query Name,DNS retransmission,DNS query retransmission,DNS query retransmission in,LG bit,IG bit,LG bit.1,Duplicate IP address configured,Time to Live,Conversation completeness,Push,Content Type,This is an ACK to the segment in frame,ECN-Echo,Mode,Type,Type.1,Window,Echo data,Accept,Status Code,Transaction ID,Handshake Type,Flags,Packet Type,MSS Value,Message type,Timestamp value,TSecr,TCP Option - SACK permitted,Response time,No response seen,Kind,Duplicate ACK #,This frame is a (suspected) retransmission,Previous segment(s) not captured (common at capture start),FTP Data,Bytes in flight,Request command,Request command.1,BER Error: length is not valid,Length.1,Flags.1,Packet Length (encrypted),Direction,TCP Option - Maximum segment size,Data,Checksum,CDATA,Label,Attack_Category,Attack_sub_category
2.4e-08,30,1514,0,0,0,0,0,0,1,1,2,0,0,0,0,0,0,1357,1338354294,23452,0,0,0,0,443,51229,5,3,1440,0,13801,3188199,0,0,0.0,0,0,0,0,0,1,0,1,0,5,2,0,0,2,0,0,0,501,0,1,0,0,0,0,0,0,0,0,0,0,0,1,0,0,4,0,1,15840,1,1,1,0,0,0,1,0,1,0,1,0,4,Normal
0.201854493,34,91,0,0,0,0,0,0,1,1,2,0,0,0,0,0,0,0,0,0,0,0,0,0,0,0,0,0,0,0,0,0,31806,254,0.201854493,0,0,0,0,0,1,0,1,0,0,0,0,0,0,0,0,0,0,0,1,0,0,0,0,0,0,0,0,0,0,0,1,0,0,0,0,1,0,1,1,1,29,0,0,1,0,1,42251,1,0,4,Normal
0.031940865,24,88,0,0,0,0,0,0,1,1,2,0,0,0,0,0,0,0,0,0,0,0,0,0,0,0,0,0,0,0,0,0,22189,290,0.031940865,0,0,0,0,0,1,0,1,0,0,0,0,0,0,0,0,0,0,0,1,0,0,0,0,0,0,0,0,0,0,0,1,0,0,0,0,1,0,1,1,1,0,0,0,1,0,1,38606,1,0,4,Normal
0.002628258,11,70,57486,5975,1,1,1,46805,1,1,3,0,1,1,1,1,1,0,0,1,1,1,1,1,0,0,1,1,0,1,1,0,0,0,0.0,0,1,1,0,0,1,0,1,78,1,1,1,0,1,1,5,1,0,0,2,0,0,1,0,2,0,1,0,0,0,0,1,1,0,1,1,1,0,1,1,1,8,3,0,1,1,1,0,1,1,5,ICMPredirect
0.00027433,30,58,60674,3466,1,1,1,1,1,1,3,0,1,1,1,1,1,0,0,53007,1,0,4,1,39965,1069,3,2,0,43203,1,0,2,0,0.0,1,1,1,0,0,1,0,1,32,13,2,1,0,2,1,0,1,1024,1,2,0,1,1,1,2,1460,1,0,0,0,0,1,2,0,1,1,1,0,1,1,1,0,2,0,1,11,1,1,1,1,6,VUlnerability_Scan
0.000203488,30,58,60674,3448,1,1,1,1,1,1,3,0,1,1,1,1,1,0,0,10976,1,0,4,1,42587,1038,3,2,0,43203,1,0,2,0,0.0,1,1,1,0,0,1,0,1,33,20,2,1,0,2,1,0,1,1024,1,2,0,1,1,1,2,1460,1,0,0,0,0,1,2,0,1,1,1,0,1,1,1,0,2,0,1,11,1,1,1,1,6,VUlnerability_Scan
0.184659631,5,132,57468,3475,0,0,0,0,1,1,2,0,0,0,0,0,0,0,0,0,0,0,0,0,0,0,0,0,0,0,0,0,28240,443,0.608622482,102,0,0,0,0,1,0,1,56,0,0,0,0,0,0,0,0,0,0,1,0,596,0,4,0,0,0,0,0,0,0,1,0,0,0,0,1,0,1,1,1,0,6,0,1,0,1,38583,1,0,4,Normal
0.000276223,11,70,57486,5975,1,1,1,23788,1,1,3,0,1,1,1,1,1,0,0,1,1,1,1,1,0,0,1,1,0,1,1,0,0,0,0.0,0,1,1,0,0,1,0,1,78,1,1,1,0,1,1,5,1,0,0,2,0,0,1,0,2,0,1,0,0,0,0,1,1,0,1,1,1,0,1,1,1,8,3,0,1,1,1,0,1,1,5,ICMPredirect
0.238323441,1,60,1,1,3,17,3,1,1,1,3,0,1,1,1,1,1,0,0,1,1,1,1,1,0,0,1,1,0,1,1,0,2,0,0.0,1,1,1,0,1,0,0,0,1,1,1,1,0,1,1,0,1,0,1,2,0,1,1,1,2,0,1,0,0,0,0,1,1,0,1,1,1,0,1,1,1,0,1,0,1,1,1,1,1,1,2,ARPPoisoning
2.3e-08,24,87,0,0,0,0,0,0,1,1,2,0,0,0,0,0,0,0,0,0,0,0,0,0,0,0,0,0,0,0,0,0,22547,407,2.3e-08,0,0,0,0,0,1,0,1,0,0,0,0,0,0,0,0,0,0,0,1,0,0,0,0,0,0,0,0,0,0,0,1,0,0,0,0,1,0,1,1,1,0,0,0,1,0,1,36304,1,0,4,Normal
0.043407284,26,167,60671,4871,0,0,0,0,1,1,2,0,0,4,4,2,0,0,0,0,0,0,0,0,0,0,0,0,0,0,0,0,27099,793,0.317103589,0,0,0,0,0,0,0,1,2,0,0,0,0,0,0,0,0,0,0,1,0,0,0,0,0,0,0,0,0,0,0,1,0,0,0,0,1,0,1,1,1,0,6,0,1,0,1,9779,1,0,4,Normal
4.38e-07,1,60,1,1,12,2,2,1,1,1,3,0,1,1,1,1,1,0,0,1,1,1,1,1,0,0,1,1,0,1,1,0,2,0,0.0,1,1,1,0,0,1,0,0,1,1,1,1,0,1,1,0,1,0,1,2,0,1,1,1,2,0,1,0,0,0,0,1,1,0,1,1,1,0,1,1,1,0,1,0,1,1,1,1,1,1,2,ARPPoisoning
0.001701787,11,70,57486,5975,1,1,1,37853,1,1,3,0,1,1,1,1,1,0,0,1,1,1,1,1,0,0,1,1,0,1,1,0,0,0,0.0,0,1,1,0,0,1,0,1,78,1,1,1,0,1,1,5,1,0,0,2,0,0,1,0,2,0,1,0,0,0,0,1,1,0,1,1,1,0,1,1,1,8,3,0,1,1,1,0,1,1,5,ICMPredirect
0.000824263,24,85,0,0,0,0,0,0,1,1,2,0,0,0,0,0,0,0,0,0,0,0,0,0,0,0,0,0,0,0,0,0,22317,871,0.000824263,0,0,0,0,0,1,0,1,0,0,0,0,0,0,0,0,0,0,0,1,0,0,0,0,0,0,0,0,0,0,0,1,0,0,0,0,1,0,1,1,1,0,0,0,1,0,1,886,1,0,4,Normal
9.6e-08,30,60,60670,3470,1,1,1,1,1,1,3,0,1,1,1,1,1,1,4232637949,27509,1,4,0,1,3920,35062,8,3,0,0,1,1,2,0,0.0,1,1,1,0,0,1,0,1,56,13,2,1,862,2,1,0,1,0,1,2,0,1,1,1,2,0,1,0,0,0,0,1,0,0,1,1,1,0,1,1,1,0,6,0,1,0,1,1,1,1,6,VUlnerability_Scan
0.01426954,11,70,57486,5975,1,1,1,40931,1,1,3,0,1,1,1,1,1,0,0,1,1,1,1,1,0,0,1,1,0,1,1,0,0,0,0.0,0,1,1,0,0,1,0,1,78,1,1,1,0,1,1,5,1,0,0,2,0,0,1,0,2,0,1,0,0,0,0,1,1,0,1,1,1,0,1,1,1,8,3,0,1,1,1,0,1,1,5,ICMPredirect
0.006436051,34,95,0,0,0,0,0,0,1,1,2,0,0,0,0,0,0,0,0,0,0,0,0,0,0,0,0,0,0,0,0,0,34799,547,0.006436051,0,0,0,0,0,1,0,1,0,0,0,0,0,0,0,0,0,0,0,1,0,0,0,0,0,0,0,0,0,0,0,1,0,0,0,0,1,0,1,1,1,33,0,0,1,0,1,27349,1,0,4,Normal
0.00039557,11,70,57518,6722,1,1,1,51211,1,1,3,0,1,1,1,1,1,0,0,1,1,1,1,1,443,51264,1,1,0,1,1,2532849934,0,0,0.0,0,1,1,0,0,1,0,1,57,1,1,1,0,1,1,5,1,0,0,2,0,0,1,0,2,0,1,0,0,0,0,1,1,0,1,1,1,0,1,1,1,0,4,0,1,1,1,0,1,1,5,ICMPredirect
0.180994388,34,91,0,0,0,0,0,0,1,1,2,0,0,0,0,0,0,0,0,0,0,0,0,0,0,0,0,0,0,0,0,0,34764,0,1.60064422,0,0,0,0,0,1,0,1,0,0,0,0,0,0,0,0,0,0,0,1,0,0,0,0,0,0,0,0,0,0,0,1,0,0,0,0,1,0,1,1,1,29,0,0,1,0,1,42962,1,0,4,Normal
5.37e-07,30,1514,142569,3475,0,0,0,0,1,1,2,0,0,0,0,0,0,998,4192214217,819,0,0,0,0,443,51226,9,3,1460,0,13379,1987,0,0,0.0,0,0,0,0,0,1,0,1,42,5,3,0,0,2,0,0,0,501,0,1,0,0,0,0,0,0,0,0,0,0,0,1,0,0,0,0,1,2920,1,1,1,0,6,0,1,0,1,0,1,0,4,Normal
6.33e-05,30,58,60674,3474,1,1,1,0,1,1,3,0,1,1,1,1,1,0,0,19586,1,0,4,1,64574,8031,3,2,0,43203,1,0,0,0,0.0,1,1,1,0,0,1,0,1,32,20,2,1,0,2,1,0,1,1024,0,2,0,1,1,1,2,1460,1,0,0,0,0,1,2,0,1,1,1,0,1,1,1,0,2,0,1,11,1,0,1,1,6,VUlnerability_Scan
0.161893265,1,60,0,0,12,11,3,0,1,1,2,0,0,0,0,0,0,0,0,0,0,0,0,0,0,0,0,0,0,0,0,0,0,0,0.0,0,0,0,0,1,0,0,1,0,0,0,0,0,0,0,0,0,0,0,1,0,0,0,0,0,0,0,0,0,0,0,1,0,0,0,0,1,0,1,1,1,0,0,0,1,0,1,0,1,0,4,Normal
0.000669466,11,70,57538,5963,1,1,1,13626,1,1,3,0,1,1,1,1,1,0,0,1,1,1,1,1,0,0,1,1,0,1,1,0,0,0,0.0,0,1,1,0,0,1,0,1,78,1,1,1,0,1,1,5,1,0,0,2,0,0,1,0,2,0,1,0,0,0,0,1,1,0,1,1,1,0,1,1,1,8,3,0,1,1,1,0,1,1,5,ICMPredirect
0.000737092,32,116,0,0,0,0,0,0,1,1,2,0,0,0,0,0,0,26159,2514279780,61798,0,0,0,0,51059,443,9,3,42,0,4242,92796,0,0,0.0,0,0,0,0,0,1,0,1,0,3,3,3,0,2,0,0,0,510,0,1,0,0,0,0,0,0,0,0,0,0,0,1,0,0,0,0,1,84,1,1,1,0,0,0,1,0,1,0,1,0,4,Normal
0.004601777,24,330,0,0,0,0,0,0,1,1,2,0,0,0,0,0,0,0,0,0,0,0,0,0,0,0,0,0,0,0,0,0,22355,593,0.044952716,0,0,0,0,0,1,0,1,0,0,0,0,0,0,0,0,0,0,0,1,0,0,0,0,0,0,0,0,0,0,0,1,0,0,0,0,1,0,1,1,1,0,0,0,1,0,1,46814,1,0,4,Normal
0.004549119,34,91,0,0,0,0,0,0,1,1,2,0,0,0,0,0,0,0,0,0,0,0,0,0,0,0,0,0,0,0,0,0,34764,0,0.200622014,0,0,0,0,0,1,0,1,0,0,0,0,0,0,0,0,0,0,0,1,0,0,0,0,0,0,0,0,0,0,0,1,0,0,0,0,1,0,1,1,1,29,0,0,1,0,1,9459,1,0,4,Normal
0.040926263,34,87,0,0,0,0,0,0,1,1,2,0,0,0,0,0,0,0,0,0,0,0,0,0,0,0,0,0,0,0,0,0,22171,110,0.040926263,0,0,0,0,0,1,0,1,0,0,0,0,0,0,0,0,0,0,0,1,0,0,0,0,0,0,0,0,0,0,0,1,0,0,0,0,1,0,1,1,1,25,0,0,1,0,1,15488,1,0,4,Normal
3.13e-06,32,942,0,0,0,0,0,0,1,1,2,0,0,0,0,0,0,518,3531593814,22309,0,0,0,0,443,51044,9,3,868,0,14564,4097,0,0,0.0,0,0,0,0,0,1,0,1,0,3,3,17,0,2,0,0,0,507,0,1,0,0,5,0,0,0,0,0,0,0,0,1,0,0,0,0,1,2184,1,1,1,0,0,0,1,0,1,0,1,0,4,Normal
5.12e-05,30,58,60674,3452,1,1,1,1,1,1,3,0,1,1,1,1,1,0,0,15435,1,0,4,0,53066,902,3,2,0,43203,1,0,2,0,0.0,1,1,1,0,0,1,0,1,47,13,2,1,0,2,1,0,1,1024,1,2,0,1,1,1,2,1460,1,0,0,0,0,1,2,0,1,1,1,0,1,1,1,0,2,0,1,11,1,1,1,1,6,VUlnerability_Scan
0.006201819,11,70,57486,5975,1,1,1,48582,1,1,3,0,1,1,1,1,1,0,0,1,1,1,1,1,0,0,1,1,0,1,1,0,0,0,0.0,0,1,1,0,0,1,0,1,78,1,1,1,0,1,1,5,1,0,0,2,0,0,1,0,2,0,1,0,0,0,0,1,1,0,1,1,1,0,1,1,1,8,3,0,1,1,1,0,1,1,5,ICMPredirect
0.704571251,1,60,0,0,3,10,3,0,1,1,2,0,0,0,0,0,0,0,0,0,0,0,0,0,0,0,0,0,0,0,0,0,0,0,0.0,0,0,0,0,1,0,0,1,0,0,0,0,0,0,0,0,0,0,0,1,0,0,0,0,0,0,0,0,0,0,0,1,0,0,0,0,1,0,1,1,1,0,0,0,1,0,1,0,1,0,4,Normal
0.016588913,32,120,0,0,0,0,0,0,1,1,2,0,0,0,0,0,0,72533,1138466936,47305,0,0,0,0,443,51059,9,3,46,0,4756,21927,0,0,0.0,0,0,0,0,0,1,0,1,0,3,3,3,0,2,0,0,0,16384,0,1,0,0,0,0,0,0,0,0,0,0,0,1,0,0,0,0,1,46,1,1,1,0,0,0,1,0,1,0,1,0,4,Normal
0.251182095,32,120,0,0,0,0,0,0,1,1,2,0,0,0,0,0,0,40930,1014995097,50838,0,0,0,0,443,50624,9,3,46,0,4855,7954,0,0,0.0,0,0,0,0,0,1,0,1,0,10,3,3,0,2,0,0,0,16382,0,1,0,0,0,0,0,0,0,0,0,0,0,1,0,0,0,0,1,46,1,1,1,0,0,0,1,0,1,0,1,0,4,Normal
0.003700639,24,94,0,0,0,0,0,0,1,1,2,0,0,0,0,0,0,0,0,0,0,0,0,0,0,0,0,0,0,0,0,0,26717,17,0.003700639,0,0,0,0,0,1,0,1,0,0,0,0,0,0,0,0,0,0,0,1,0,0,0,0,0,0,0,0,0,0,0,1,0,0,0,0,1,0,1,1,1,0,0,0,1,0,1,4929,1,0,4,Normal
3.94e-07,1,60,1,1,6,20,2,1,1,1,3,0,1,1,1,1,1,0,0,1,1,1,1,1,0,0,1,1,0,1,1,0,2,0,0.0,1,1,1,0,0,1,0,2,1,1,1,1,0,1,1,0,1,0,1,2,0,1,1,1,2,0,1,0,0,0,0,1,1,0,1,1,1,0,1,1,1,0,1,0,1,1,1,1,1,1,2,ARPPoisoning
4.34e-05,30,58,60674,3452,1,1,1,1,1,1,3,0,1,1,1,1,1,0,0,15425,1,0,4,0,53066,912,3,2,0,43203,1,0,2,0,0.0,1,1,1,0,0,1,0,1,53,13,2,1,0,2,1,0,1,1024,1,2,0,1,1,1,2,1460,1,0,0,0,0,1,2,0,1,1,1,0,1,1,1,0,2,0,1,11,1,1,1,1,6,VUlnerability_Scan
7.8e-05,30,58,60674,3468,1,1,1,0,1,1,2,0,1,0,0,0,0,0,0,20146,0,1,4,0,43153,49999,3,2,0,43203,0,0,0,0,0.0,0,1,1,0,0,1,0,1,46,20,2,1,0,2,1,0,1,1024,0,1,0,0,1,0,2,1460,1,0,0,0,0,1,2,0,0,1,1,0,1,1,1,0,2,0,1,11,1,0,1,1,6,VUlnerability_Scan
0.000185644,30,58,60674,3475,1,1,1,1,1,1,3,0,1,1,1,1,1,0,0,36265,1,0,4,0,61835,8193,3,2,0,43203,1,0,2,0,0.0,1,1,1,0,0,1,0,1,45,20,2,1,0,2,1,0,1,1024,1,2,0,1,1,1,2,1460,1,0,0,0,0,1,2,0,1,1,1,0,1,1,1,0,2,0,1,11,1,1,1,1,6,VUlnerability_Scan
0.005541425,11,70,57486,5975,1,1,1,21055,1,1,3,0,1,1,1,1,1,0,0,1,1,1,1,1,0,0,1,1,0,1,1,0,0,0,0.0,0,1,1,0,0,1,0,1,78,1,1,1,0,1,1,5,1,0,0,2,0,0,1,0,2,0,1,0,0,0,0,1,1,0,1,1,1,0,1,1,1,8,3,0,1,1,1,0,1,1,5,ICMPredirect
0.024184367,34,88,0,0,0,0,0,0,1,1,2,0,0,0,0,0,0,0,0,0,0,0,0,0,0,0,0,0,0,0,0,0,22014,111,0.024184367,0,0,0,0,0,1,0,1,0,0,0,0,0,0,0,0,0,0,0,1,0,0,0,0,0,0,0,0,0,0,0,1,0,0,0,0,1,0,1,1,1,26,0,0,1,0,1,1885,1,0,4,Normal
1.49e-07,32,1118,49389,3475,0,0,0,0,1,1,2,0,0,0,0,0,0,330,642092374,39308,0,0,0,0,443,51179,9,3,1064,0,16025,4381,0,0,0.0,0,0,0,0,0,1,0,1,23,5,3,16,0,2,0,0,0,110,0,1,0,0,6,0,0,0,0,0,0,0,0,1,0,0,0,0,1,2524,1,1,1,0,6,0,1,0,1,0,1,0,4,Normal
0.000184356,1,42,1,1,3,21,2,1,1,1,3,0,1,1,1,1,1,0,0,1,1,1,1,1,0,0,1,1,0,1,1,0,2,0,0.0,1,1,1,0,1,1,0,2,1,1,1,1,0,1,1,0,1,0,1,2,0,1,1,1,2,0,1,0,0,0,0,1,1,0,1,1,1,0,1,1,1,0,1,0,1,1,1,1,1,1,2,ARPPoisoning
0.051491621,30,60,53271,3475,0,0,0,0,1,1,2,0,0,0,0,0,0,1285,2418424574,9512,0,0,0,0,443,50974,5,3,0,0,0,3973,0,0,0.0,0,0,0,0,0,1,0,1,44,3,2,0,846,2,0,0,0,247,0,1,0,0,0,0,0,0,0,0,0,0,0,1,0,0,0,0,1,0,1,1,1,0,6,0,1,0,1,0,1,0,4,Normal
0.000343494,24,93,0,0,0,0,0,0,1,1,2,0,0,0,0,0,0,0,0,0,0,0,0,0,0,0,0,0,0,0,0,0,29237,839,0.000343494,0,0,0,0,0,1,0,1,0,0,0,0,0,0,0,0,0,0,0,1,0,0,0,0,0,0,0,0,0,0,0,1,0,0,0,0,1,0,1,1,1,0,0,0,1,0,1,11473,1,0,4,Normal
0.000247494,11,70,57545,5963,1,1,1,6105,1,1,3,0,1,1,1,1,1,0,0,1,1,1,1,1,0,0,1,1,0,1,1,0,0,0,0.0,0,1,1,0,0,1,0,1,78,1,1,1,0,1,1,5,1,0,0,2,0,0,1,0,2,0,1,0,0,0,0,1,1,0,1,1,1,0,1,1,1,8,3,0,1,1,1,0,1,1,5,ICMPredirect
0.006792648,11,70,57486,5975,1,1,1,4861,1,1,3,0,1,1,1,1,1,0,0,1,1,1,1,1,0,0,1,1,0,1,1,0,0,0,0.0,0,1,1,0,0,1,0,1,78,1,1,1,0,1,1,5,1,0,0,2,0,0,1,0,2,0,1,0,0,0,0,1,1,0,1,1,1,0,1,1,1,8,3,0,1,1,1,0,1,1,5,ICMPredirect
0.409632149,1,60,0,0,7,12,3,0,1,1,2,0,0,0,0,0,0,0,0,0,0,0,0,0,0,0,0,0,0,0,0,0,0,0,0.0,0,0,0,0,1,0,0,1,0,0,0,0,0,0,0,0,0,0,0,1,0,0,0,0,0,0,0,0,0,0,0,1,0,0,0,0,1,0,1,1,1,0,0,0,1,0,1,0,1,0,4,Normal
0.152000766,34,454,0,0,0,0,0,0,1,1,2,0,0,0,0,0,0,0,0,0,0,0,0,0,0,0,0,0,0,0,0,0,29076,155,0.152000766,0,0,0,0,0,1,0,1,0,0,0,0,0,0,0,0,0,0,0,1,0,0,0,0,0,0,0,0,0,0,0,1,0,0,0,0,1,0,1,1,1,392,0,0,1,0,1,6134,1,0,4,Normal
8.5e-08,30,60,60682,3470,1,1,1,1,1,1,3,0,1,1,1,1,1,1,3767647802,18761,1,4,0,1,8009,59386,8,3,0,0,1,1,2,0,0.0,1,1,1,0,0,1,0,1,56,13,2,1,4372,2,1,0,1,0,1,2,0,1,1,1,2,0,1,0,0,0,0,1,0,0,1,1,1,0,1,1,1,0,6,0,1,0,1,1,1,1,6,VUlnerability_Scan
0.034811657,34,88,0,0,0,0,0,0,1,1,2,0,0,0,0,0,0,0,0,0,0,0,0,0,0,0,0,0,0,0,0,0,22359,1,0.034811657,0,0,0,0,0,1,0,1,0,0,0,0,0,0,0,0,0,0,0,1,0,0,0,0,0,0,0,0,0,0,0,1,0,0,0,0,1,0,1,1,1,26,0,0,1,0,1,14088,1,0,4,Normal
0.000339706,11,70,57538,5963,1,1,1,291,1,1,3,0,1,1,1,1,1,0,0,1,1,1,1,1,0,0,1,1,0,1,1,0,0,0,0.0,0,1,1,0,0,1,0,1,78,1,1,1,0,1,1,5,1,0,0,2,0,0,1,0,2,0,1,0,0,0,0,1,1,0,1,1,1,0,1,1,1,8,3,0,1,1,1,0,1,1,5,ICMPredirect
0.00031679,11,70,57541,5963,1,1,1,35228,1,1,3,0,1,1,1,1,1,0,0,1,1,1,1,1,0,0,1,1,0,1,1,0,0,0,0.0,0,1,1,0,0,1,0,1,78,1,1,1,0,1,1,5,1,0,0,2,0,0,1,0,2,0,1,0,0,0,0,1,1,0,1,1,1,0,1,1,1,8,3,0,1,1,1,0,1,1,5,ICMPredirect
2.5e-08,30,1474,0,0,0,0,0,0,1,1,2,0,0,0,0,0,0,22425,2514276046,55569,0,0,0,0,51059,443,5,3,1400,0,14297,80615,0,0,0.0,0,0,0,0,0,1,0,1,0,3,2,0,0,2,0,0,0,510,0,1,0,0,0,0,0,0,0,0,0,0,0,1,0,0,0,0,1,4200,1,1,1,0,0,0,1,0,1,0,1,0,4,Normal
7.9e-05,30,58,60674,3466,1,1,1,1,1,1,3,0,1,1,1,1,1,0,0,47856,1,0,4,1,39965,6543,3,2,0,43203,1,0,2,0,0.0,1,1,1,0,0,1,0,1,33,13,2,1,0,2,1,0,1,1024,1,2,0,1,1,1,2,1460,1,0,0,0,0,1,2,0,1,1,1,0,1,1,1,0,2,0,1,11,1,1,1,1,6,VUlnerability_Scan
0.000100277,30,60,60670,3470,1,1,1,1,1,1,3,0,1,1,1,1,1,1,4232637949,30113,1,4,0,1,1174,35062,8,3,0,0,1,1,2,0,0.0,1,1,1,0,0,1,0,1,56,13,2,1,1335,2,1,0,1,0,1,2,0,1,1,1,2,0,1,0,0,0,0,1,0,0,1,1,1,0,1,1,1,0,6,0,1,0,1,1,1,1,6,VUlnerability_Scan
0.001262243,24,175,0,0,0,0,0,0,1,1,2,0,0,0,0,0,0,0,0,0,0,0,0,0,0,0,0,0,0,0,0,0,29609,414,0.001262243,0,0,0,0,0,1,0,1,0,0,0,0,0,0,0,0,0,0,0,1,0,0,0,0,3,0,0,0,0,0,0,1,0,0,0,0,1,0,1,1,1,0,0,0,1,0,1,13935,1,0,4,Normal
0.005304973,11,70,57486,5975,1,1,1,25603,1,1,3,0,1,1,1,1,1,0,0,1,1,1,1,1,0,0,1,1,0,1,1,0,0,0,0.0,0,1,1,0,0,1,0,1,78,1,1,1,0,1,1,5,1,0,0,2,0,0,1,0,2,0,1,0,0,0,0,1,1,0,1,1,1,0,1,1,1,8,3,0,1,1,1,0,1,1,5,ICMPredirect
0.156341106,30,74,0,0,0,0,0,0,1,1,2,0,0,0,0,0,0,2614,2033233020,60704,3,0,0,0,51232,443,6,3,0,0,0,582,0,0,0.0,0,0,0,0,0,1,0,1,0,3,2,0,0,2,0,0,0,515,0,1,0,0,0,0,0,0,0,0,0,0,0,1,0,0,0,0,1,0,1,1,1,0,0,0,1,0,1,0,1,0,4,Normal
0.006549648,1,60,1,1,3,17,3,1,1,1,3,0,1,1,1,1,1,0,0,1,1,1,1,1,0,0,1,1,0,1,1,0,2,0,0.0,1,1,1,0,1,0,0,0,1,1,1,1,0,1,1,0,1,0,1,2,0,1,1,1,2,0,1,0,0,0,0,1,1,0,1,1,1,0,1,1,1,0,1,0,1,1,1,1,1,1,2,ARPPoisoning
0.001504343,30,1514,0,0,0,0,0,0,1,1,2,0,0,0,0,0,0,1357,1338354294,10441,0,0,0,0,443,51229,5,3,1440,0,15451,1422759,0,0,0.0,0,0,0,0,0,1,0,1,0,5,2,0,0,2,0,0,0,501,0,1,0,0,0,0,0,0,0,0,0,0,0,1,0,0,4,0,1,59040,1,1,1,0,0,0,1,0,1,0,1,0,4,Normal
0.00417537,30,60,60681,3470,1,1,1,1,1,1,3,0,1,1,1,1,1,1,2661945099,18414,1,4,0,1,8333,55408,8,3,0,0,1,1,2,0,0.0,1,1,1,0,0,1,1,1,56,13,2,1,459,2,1,0,1,0,1,2,0,1,1,1,2,0,1,0,0,0,0,1,0,0,1,1,1,0,1,1,1,0,6,0,1,0,1,1,1,1,6,VUlnerability_Scan
5.38e-07,30,1514,0,0,0,0,0,0,1,1,2,0,0,0,0,0,0,518,1338353455,34136,0,0,0,0,443,51229,9,3,1440,0,15863,1441,0,0,0.0,0,0,0,0,0,1,0,1,0,5,3,0,0,2,0,0,0,503,0,1,0,0,0,0,0,0,0,0,0,0,0,1,0,0,0,0,1,2880,1,1,1,0,0,0,1,0,1,0,1,0,4,Normal
4.7e-08,32,123,116935,3475,0,0,0,0,1,1,2,0,0,0,0,0,0,335,1299187610,31863,0,0,0,0,443,51327,9,3,69,0,5079,5603,0,0,0.0,0,0,0,0,0,1,0,1,20,3,3,3,0,2,0,0,0,110,0,1,0,0,0,0,0,0,0,0,0,0,0,1,0,0,0,0,1,240,1,1,1,0,6,0,1,0,1,0,1,0,4,Normal
4.9e-08,32,411,0,0,0,0,0,0,1,1,2,0,0,0,0,0,0,22019,2514275640,18489,0,0,0,0,51059,443,9,3,337,0,10006,76901,0,0,0.0,0,0,0,0,0,1,0,1,0,3,3,3,0,2,0,0,0,511,0,1,0,0,0,0,0,0,0,0,0,0,0,1,0,0,0,0,1,4537,1,1,1,0,0,0,1,0,1,0,1,0,4,Normal
3.3e-08,24,1292,0,0,0,0,0,0,1,1,2,0,0,0,0,0,0,0,0,0,0,0,0,0,0,0,0,0,0,0,0,0,30192,520,3.3e-08,0,0,0,0,0,1,0,1,0,0,0,0,0,0,0,0,0,0,0,1,0,0,0,0,0,0,0,0,0,0,0,1,0,0,0,0,1,0,1,1,1,0,0,0,1,0,1,38739,1,0,4,Normal
0.389105655,1,60,1,1,3,4,3,1,1,1,3,0,1,1,1,1,1,0,0,1,1,1,1,1,0,0,1,1,0,1,1,0,2,0,0.0,1,1,1,0,1,0,0,0,1,1,1,1,0,1,1,0,1,0,1,2,0,1,1,1,2,0,1,0,0,0,0,1,1,0,1,1,1,0,1,1,1,0,1,0,1,1,1,1,1,1,2,ARPPoisoning
0.043132234,34,91,0,0,0,0,0,0,1,1,2,0,0,0,0,0,0,0,0,0,0,0,0,0,0,0,0,0,0,0,0,0,34482,1,0.058603366,0,0,0,0,0,1,0,1,0,0,0,0,0,0,0,0,0,0,0,1,0,0,0,0,0,0,0,0,0,0,0,1,0,0,0,0,1,0,1,1,1,29,0,0,1,0,1,15765,1,0,4,Normal
2.1e-08,30,60,60669,3470,1,1,1,0,1,1,3,0,1,1,1,1,1,1,102312718,16829,1,4,0,1,49163,48259,8,3,0,0,1,1,0,0,0.0,1,1,1,0,0,1,0,1,56,13,2,1,188,2,1,0,1,0,0,2,0,1,1,1,2,0,1,0,0,0,0,1,0,0,1,1,1,0,1,1,1,0,6,0,1,0,1,0,1,1,6,VUlnerability_Scan
0.040732232,30,60,60683,3899,0,0,0,0,1,1,2,0,0,0,0,0,0,2801,1671377055,13301,0,0,0,0,49720,443,5,3,0,0,0,705,0,0,0.0,0,0,0,0,0,1,0,1,15,8,2,0,9464,2,0,0,0,513,0,1,0,0,0,0,0,0,0,0,0,0,0,1,0,0,0,0,1,0,1,1,1,0,6,0,1,0,1,0,1,0,4,Normal
8.16e-05,30,58,60674,3463,1,1,1,0,1,1,3,0,1,1,1,1,1,0,0,51329,1,0,4,1,48259,5544,3,2,0,43203,1,0,0,0,0.0,1,1,1,0,0,1,0,1,44,13,2,1,0,2,1,0,1,1024,0,2,0,1,1,1,2,1460,1,0,0,0,0,1,2,0,1,1,1,0,1,1,1,0,2,0,1,11,1,0,1,1,6,VUlnerability_Scan
0.001310832,5,115,0,0,0,0,0,0,1,1,2,0,0,0,0,0,0,0,0,0,0,0,0,0,0,0,0,0,0,0,0,0,28872,672,0.009873897,96,0,0,0,0,1,0,1,0,0,0,0,0,0,0,0,0,0,0,1,0,1882,0,4,0,0,0,0,0,0,0,1,0,0,0,0,1,0,1,1,1,0,0,0,1,0,1,24004,1,0,4,Normal
0.000771441,11,70,57531,5963,1,1,1,29304,1,1,3,0,1,1,1,1,1,0,0,1,1,1,1,1,0,0,1,1,0,1,1,0,0,0,0.0,0,1,1,0,0,1,0,1,78,1,1,1,0,1,1,5,1,0,0,2,0,0,1,0,2,0,1,0,0,0,0,1,1,0,1,1,1,0,1,1,1,8,3,0,1,1,1,0,1,1,5,ICMPredirect
1.37e-07,30,60,60673,3470,1,1,1,1,1,1,3,0,1,1,1,1,1,1,1423493021,10246,1,4,0,1,1080,42976,8,3,0,0,1,1,2,0,0.0,1,1,1,0,0,1,0,1,56,13,2,1,169,2,1,0,1,0,1,2,0,1,1,1,2,0,1,0,0,0,0,1,0,0,1,1,1,0,1,1,1,0,6,0,1,0,1,1,1,1,6,VUlnerability_Scan
3.5e-08,33,1294,0,0,0,0,0,0,1,1,2,0,0,0,0,0,0,5463,2795597384,29680,0,0,0,0,443,51338,5,3,1220,0,9040,80945,0,0,0.0,0,0,0,0,0,1,0,1,0,3,2,0,0,2,0,0,0,306,0,1,0,0,0,0,0,0,0,0,0,0,0,1,0,0,0,0,1,3660,1,1,1,0,0,0,1,0,1,0,1,0,4,Normal
0.000397728,11,70,57536,5963,1,1,1,6219,1,1,3,0,1,1,1,1,1,0,0,1,1,1,1,1,0,0,1,1,0,1,1,0,0,0,0.0,0,1,1,0,0,1,0,1,78,1,1,1,0,1,1,5,1,0,0,2,0,0,1,0,2,0,1,0,0,0,0,1,1,0,1,1,1,0,1,1,1,8,3,0,1,1,1,0,1,1,5,ICMPredirect
0.010283956,1,60,1,1,12,22,3,1,1,1,3,0,1,1,1,1,1,0,0,1,1,1,1,1,0,0,1,1,0,1,1,0,2,0,0.0,1,1,1,0,1,0,0,2,1,1,1,1,0,1,1,0,1,0,1,2,0,1,1,1,2,0,1,0,0,0,0,1,1,0,1,1,1,0,1,1,1,0,1,0,1,1,1,1,1,1,2,ARPPoisoning
0.001492632,33,1514,0,0,0,0,0,0,1,1,2,0,0,0,0,0,0,1357,1338354294,31380,0,0,0,0,443,51229,9,3,1440,0,11382,1306119,0,0,0.0,0,0,0,0,0,1,0,1,0,5,3,0,0,2,0,0,0,501,0,1,0,0,0,0,0,0,0,0,0,0,0,1,0,0,0,0,1,309600,1,1,1,0,0,0,1,0,1,0,1,0,4,Normal
7.03e-05,11,71,60675,3450,1,1,1,38652,1,1,3,0,1,1,1,1,1,0,0,1,1,1,1,1,0,0,1,1,0,1,1,0,34110,16,0.0,0,1,1,0,0,1,0,1,84,1,1,1,0,1,1,3,1,0,2,2,0,0,1,0,2,0,1,0,0,0,0,1,1,0,1,1,1,0,1,1,1,0,4,0,1,1,1,19706,1,1,5,ICMPredirect
0.003090794,30,58,60674,3468,1,1,1,0,1,1,2,0,1,0,0,0,0,0,0,151,0,1,4,0,43151,5544,3,2,0,43203,0,0,0,0,0.0,0,1,1,0,0,1,0,1,37,20,2,1,0,2,1,0,1,1024,0,1,0,0,1,0,2,1460,1,0,0,0,0,1,2,0,0,1,1,0,1,1,1,0,2,0,1,11,1,0,1,1,6,VUlnerability_Scan
6.21e-05,30,58,60674,3474,1,1,1,0,1,1,3,0,1,1,1,1,1,0,0,56412,1,0,4,1,64574,34571,3,2,0,43203,1,0,0,0,0.0,1,1,1,0,0,1,0,1,53,20,2,1,0,2,1,0,1,1024,0,2,0,1,1,1,2,1460,1,0,0,0,0,1,2,0,1,1,1,0,1,1,1,0,2,0,1,11,1,0,1,1,6,VUlnerability_Scan
0.000172652,30,1514,0,0,0,0,0,0,1,1,2,0,0,0,0,0,0,1357,1338354294,33868,0,0,0,0,443,51229,5,3,1440,0,12165,545799,0,0,0.0,0,0,0,0,0,1,0,1,0,5,2,0,0,2,0,0,0,501,0,1,0,0,0,0,0,0,0,0,0,0,0,1,0,0,0,0,1,37440,1,1,1,0,0,0,1,0,1,0,1,0,4,Normal
0.001231122,34,87,0,0,0,0,0,0,1,1,2,0,0,0,0,0,0,0,0,0,0,0,0,0,0,0,0,0,0,0,0,0,22171,110,0.042683169,0,0,0,0,0,1,0,1,0,0,0,0,0,0,0,0,0,0,0,1,0,0,0,0,0,0,0,0,0,0,0,1,0,0,0,0,1,0,1,1,1,25,0,0,1,0,1,25444,1,0,4,Normal
0.038971612,32,123,60683,1271,0,0,0,0,1,1,2,0,0,0,0,0,0,139,3920741520,7837,0,0,0,0,49869,8883,9,3,69,0,5180,139,0,0,0.0,0,0,0,0,0,1,0,1,15,8,3,3,0,2,0,0,0,513,0,1,0,0,0,0,0,0,0,0,0,0,0,1,0,0,0,0,1,69,1,1,1,0,6,0,1,0,1,0,1,0,4,Normal
0.000186566,11,70,57485,3536,1,1,1,26082,1,1,3,0,1,1,1,1,1,0,0,1,1,1,1,1,50501,443,1,1,0,1,1,3963456777,0,0,0.0,0,1,1,0,0,1,0,1,68,1,1,1,0,1,1,5,1,0,0,2,0,0,1,0,2,0,1,0,0,0,0,1,1,0,1,1,1,0,1,1,1,0,4,0,1,1,1,0,1,1,5,ICMPredirect
3.3e-08,30,60,60671,3470,1,1,1,1,1,1,3,0,1,1,1,1,1,1,3043010190,58389,1,4,0,1,2492,39965,8,3,0,0,1,1,2,0,0.0,1,1,1,0,0,1,0,1,56,13,2,1,1902,2,1,0,1,0,1,2,0,1,1,1,2,0,1,0,0,0,0,1,0,0,1,1,1,0,1,1,1,0,6,0,1,0,1,1,1,1,6,VUlnerability_Scan
2.7e-08,32,178,116720,3475,0,0,0,0,1,1,2,0,0,0,0,0,0,228,662961369,61420,0,0,0,0,443,51078,9,3,124,0,15073,5841,0,0,0.0,0,0,0,0,0,1,0,1,90,3,3,11,0,2,0,0,0,16384,0,1,0,0,12,0,0,0,0,0,0,0,0,1,0,0,0,0,1,3044,1,1,1,0,6,0,1,0,1,0,1,0,4,Normal
0.002169641,1,42,1,1,3,21,2,1,1,1,3,0,1,1,1,1,1,0,0,1,1,1,1,1,0,0,1,1,0,1,1,0,2,0,0.0,1,1,1,0,1,1,0,2,1,1,1,1,0,1,1,0,1,0,1,2,0,1,1,1,2,0,1,0,0,0,0,1,1,0,1,1,1,0,1,1,1,0,1,0,1,1,1,1,1,1,2,ARPPoisoning
0.005167414,34,95,0,0,0,0,0,0,1,1,2,0,0,0,0,0,0,0,0,0,0,0,0,0,0,0,0,0,0,0,0,0,31110,110,0.005167414,0,0,0,0,0,1,0,1,0,0,0,0,0,0,0,0,0,0,0,1,0,0,0,0,0,0,0,0,0,0,0,1,0,0,0,0,1,0,1,1,1,33,0,0,1,0,1,24102,1,0,4,Normal
0.010335018,11,70,57486,5975,1,1,1,38741,1,1,3,0,1,1,1,1,1,0,0,1,1,1,1,1,0,0,1,1,0,1,1,0,0,0,0.0,0,1,1,0,0,1,0,1,78,1,1,1,0,1,1,5,1,0,0,2,0,0,1,0,2,0,1,0,0,0,0,1,1,0,1,1,1,0,1,1,1,8,3,0,1,1,1,0,1,1,5,ICMPredirect
0.415257901,26,218,60672,4871,0,0,0,0,1,1,2,0,0,4,4,2,0,0,0,0,0,0,0,0,0,0,0,0,0,0,0,0,30573,628,0.0,0,0,0,0,0,0,0,1,2,0,0,0,0,0,0,0,0,0,0,1,0,0,0,0,0,0,0,0,0,0,0,1,0,0,0,0,1,0,1,1,1,0,2,0,1,0,1,2878,1,0,4,Normal
0.029709572,34,88,0,0,0,0,0,0,1,1,2,0,0,0,0,0,0,0,0,0,0,0,0,0,0,0,0,0,0,0,0,0,22386,547,0.029709572,0,0,0,0,0,1,0,1,0,0,0,0,0,0,0,0,0,0,0,1,0,0,0,0,0,0,0,0,0,0,0,1,0,0,0,0,1,0,1,1,1,26,0,0,1,0,1,41190,1,0,4,Normal
2.6e-08,30,60,60669,3470,1,1,1,0,1,1,3,0,1,1,1,1,1,1,102312718,55092,1,4,0,1,8651,48259,8,3,0,0,1,1,0,0,0.0,1,1,1,0,0,1,0,1,56,13,2,1,1555,2,1,0,1,0,0,2,0,1,1,1,2,0,1,0,0,0,0,1,0,0,1,1,1,0,1,1,1,0,6,0,1,0,1,0,1,1,6,VUlnerability_Scan
0.007051714,11,70,57486,5975,1,1,1,31088,1,1,3,0,1,1,1,1,1,0,0,1,1,1,1,1,0,0,1,1,0,1,1,0,0,0,0.0,0,1,1,0,0,1,0,1,78,1,1,1,0,1,1,5,1,0,0,2,0,0,1,0,2,0,1,0,0,0,0,1,1,0,1,1,1,0,1,1,1,8,3,0,1,1,1,0,1,1,5,ICMPredirect
0.021569993,30,86,0,0,0,0,0,0,1,1,2,0,0,0,0,0,0,1,1166777191,24726,0,0,0,4,443,51191,7,3,0,43109,0,0,0,0,0.0,0,0,0,0,0,1,0,1,0,3,2,0,24608,2,0,0,0,65535,0,1,0,0,0,0,0,1440,0,0,0,402,0,1,3,0,0,0,1,0,1,1,1,0,0,0,1,10,1,0,1,0,4,Normal
4.81e-07,24,85,0,0,0,0,0,0,1,1,2,0,0,0,0,0,0,0,0,0,0,0,0,0,0,0,0,0,0,0,0,0,22336,458,4.81e-07,0,0,0,0,0,1,0,1,0,0,0,0,0,0,0,0,0,0,0,1,0,0,0,0,0,0,0,0,0,0,0,1,0,0,0,0,1,0,1,1,1,0,0,0,1,0,1,32170,1,0,4,Normal
2.2e-08,30,60,60673,3470,1,1,1,1,1,1,3,0,1,1,1,1,1,1,1423493021,10179,1,4,0,1,1147,42976,8,3,0,0,1,1,2,0,0.0,1,1,1,0,0,1,0,1,56,13,2,1,1065,2,1,0,1,0,1,2,0,1,1,1,2,0,1,0,0,0,0,1,0,0,1,1,1,0,1,1,1,0,6,0,1,0,1,1,1,1,6,VUlnerability_Scan
0.118585783,30,58,60674,3474,1,1,1,0,1,1,3,0,1,1,1,1,1,0,0,25330,1,0,4,1,64576,2038,3,2,0,43203,1,0,0,0,0.0,1,1,1,0,0,1,0,1,33,13,2,1,0,2,1,0,1,1024,0,2,0,1,1,1,2,1460,1,0,0,0,0,1,2,0,1,1,1,0,1,1,1,0,2,0,1,11,1,0,1,1,6,VUlnerability_Scan
0.026867092,24,94,0,0,0,0,0,0,1,1,2,0,0,0,0,0,0,0,0,0,0,0,0,0,0,0,0,0,0,0,0,0,30199,759,0.026867092,0,0,0,0,0,1,0,1,0,0,0,0,0,0,0,0,0,0,0,1,0,0,0,0,0,0,0,0,0,0,0,1,0,0,0,0,1,0,1,1,1,0,0,0,1,0,1,31637,1,0,4,Normal
0.003959987,32,116,0,0,0,0,0,0,1,1,2,0,0,0,0,0,0,39589,2514293210,39010,0,0,0,0,51059,443,9,3,42,0,4323,151142,0,0,0.0,0,0,0,0,0,1,0,1,0,3,3,3,24403,2,0,0,0,512,0,1,0,0,0,0,0,0,0,0,0,0,0,1,0,0,0,0,1,42,1,1,1,0,0,0,1,0,1,0,1,0,4,Normal
0.00016396,11,70,57538,5963,1,1,1,49871,1,1,3,0,1,1,1,1,1,0,0,1,1,1,1,1,0,0,1,1,0,1,1,0,0,0,0.0,0,1,1,0,0,1,0,1,78,1,1,1,0,1,1,5,1,0,0,2,0,0,1,0,2,0,1,0,0,0,0,1,1,0,1,1,1,0,1,1,1,8,3,0,1,1,1,0,1,1,5,ICMPredirect
0.003196177,5,123,0,0,0,0,0,0,1,1,2,0,0,0,0,0,0,0,0,0,0,0,0,0,0,0,0,0,0,0,0,0,28413,766,0.01305598,108,0,0,0,0,1,0,1,0,0,0,0,0,0,0,0,0,0,0,1,0,994,0,4,0,0,0,0,0,0,0,1,0,0,0,0,1,0,1,1,1,0,0,0,1,0,1,14109,1,0,4,Normal
2.31e-07,30,1514,101956,3475,0,0,0,0,1,1,2,0,0,0,0,0,0,330,1431763475,40179,0,0,0,0,443,51171,5,3,1460,0,14302,1565,0,0,0.0,0,0,0,0,0,1,0,1,23,5,2,0,0,2,0,0,0,110,0,1,0,0,0,0,0,0,0,0,0,0,0,1,0,0,0,0,1,3024,1,1,1,0,6,0,1,0,1,0,1,0,4,Normal
0.00030585,11,70,57535,5963,1,1,1,28872,1,1,3,0,1,1,1,1,1,0,0,1,1,1,1,1,0,0,1,1,0,1,1,0,0,0,0.0,0,1,1,0,0,1,0,1,78,1,1,1,0,1,1,5,1,0,0,2,0,0,1,0,2,0,1,0,0,0,0,1,1,0,1,1,1,0,1,1,1,8,3,0,1,1,1,0,1,1,5,ICMPredirect
0.003824421,11,70,57485,3544,1,1,1,40599,1,1,3,0,1,1,1,1,1,0,0,1,1,1,1,1,50640,443,1,1,0,1,1,3057225069,0,0,0.0,0,1,1,0,0,1,0,1,68,1,1,1,0,1,1,5,1,0,0,2,0,0,1,0,2,0,1,0,0,0,0,1,1,0,1,1,1,0,1,1,1,0,4,0,1,1,1,0,1,1,5,ICMPredirect
0.000145321,30,58,60674,3452,1,1,1,1,1,1,3,0,1,1,1,1,1,0,0,16183,1,0,4,0,53066,109,3,2,0,43203,1,0,2,0,0.0,1,1,1,0,0,1,0,1,38,13,2,1,0,2,1,0,1,1024,1,2,0,1,1,1,2,1460,1,0,0,0,0,1,2,0,1,1,1,0,1,1,1,0,2,0,1,11,1,1,1,1,6,VUlnerability_Scan
0.003292504,11,70,57528,5963,1,1,1,25270,1,1,3,0,1,1,1,1,1,0,0,1,1,1,1,1,0,0,1,1,0,1,1,0,0,0,0.0,0,1,1,0,0,1,0,1,78,1,1,1,0,1,1,5,1,0,0,2,0,0,1,0,2,0,1,0,0,0,0,1,1,0,1,1,1,0,1,1,1,8,3,0,1,1,1,0,1,1,5,ICMPredirect
0.005594161,34,95,0,0,0,0,0,0,1,1,2,0,0,0,0,0,0,0,0,0,0,0,0,0,0,0,0,0,0,0,0,0,31806,254,0.005594161,0,0,0,0,0,1,0,1,0,0,0,0,0,0,0,0,0,0,0,1,0,0,0,0,0,0,0,0,0,0,0,1,0,0,0,0,1,0,1,1,1,33,0,0,1,0,1,15516,1,0,4,Normal
0.000679857,30,74,0,0,0,0,0,0,1,1,2,0,0,0,0,0,0,4473,2954487161,40674,0,0,0,0,51267,443,5,3,0,0,0,518,0,0,0.0,0,0,0,0,0,1,0,1,0,3,2,0,37462,2,0,0,0,517,0,1,0,0,0,0,0,0,0,0,0,0,0,1,0,0,0,0,1,0,1,1,1,0,0,0,1,0,1,0,1,0,4,Normal
0.010443734,1,42,1,1,8,2,2,1,1,1,3,0,1,1,1,1,1,0,0,1,1,1,1,1,0,0,1,1,0,1,1,0,2,0,0.0,1,1,1,0,0,1,0,0,1,1,1,1,0,1,1,0,1,0,1,2,0,1,1,1,2,0,1,0,0,0,0,1,1,0,1,1,1,0,1,1,1,0,1,0,1,1,1,1,1,1,2,ARPPoisoning
0.007143207,11,70,57486,5975,1,1,1,31513,1,1,3,0,1,1,1,1,1,0,0,1,1,1,1,1,0,0,1,1,0,1,1,0,0,0,0.0,0,1,1,0,0,1,0,1,78,1,1,1,0,1,1,5,1,0,0,2,0,0,1,0,2,0,1,0,0,0,0,1,1,0,1,1,1,0,1,1,1,8,3,0,1,1,1,0,1,1,5,ICMPredirect
0.000206716,30,60,57555,3470,1,1,1,1,1,1,3,0,1,1,1,1,1,1,199866656,17829,1,4,0,0,5440,53066,8,3,0,0,1,1,2,0,0.0,1,1,1,0,0,1,0,1,56,13,2,1,808,2,1,0,1,0,1,2,0,1,1,1,2,0,1,0,0,0,0,1,0,0,1,1,1,0,1,1,1,0,6,0,1,0,1,1,1,1,6,VUlnerability_Scan
0.02288736,12,110,0,0,0,0,0,0,1,1,2,0,0,0,0,0,0,0,0,0,0,0,0,0,0,0,0,0,0,0,0,0,0,0,0.0,0,0,0,0,1,0,0,1,0,0,0,0,0,0,0,0,2,0,0,1,0,0,0,0,0,0,0,0,0,0,0,1,0,0,0,0,1,0,1,1,1,0,0,0,1,0,1,0,1,0,4,Normal
0.000249297,30,58,60674,3475,1,1,1,1,1,1,3,0,1,1,1,1,1,0,0,42046,1,0,4,0,61835,2010,3,2,0,43203,1,0,2,0,0.0,1,1,1,0,0,1,0,1,48,20,2,1,0,2,1,0,1,1024,1,2,0,1,1,1,2,1460,1,0,0,0,0,1,2,0,1,1,1,0,1,1,1,0,2,0,1,11,1,1,1,1,6,VUlnerability_Scan
0.004020737,30,60,60681,3470,1,1,1,1,1,1,3,0,1,1,1,1,1,1,2661945099,16256,1,4,0,1,10617,55408,8,3,0,0,1,1,2,0,0.0,1,1,1,0,0,1,1,1,56,13,2,1,55,2,1,0,1,0,1,2,0,1,1,1,2,0,1,0,0,0,0,1,0,0,1,1,1,0,1,1,1,0,6,0,1,0,1,1,1,1,6,VUlnerability_Scan
0.005500802,24,270,0,0,0,0,0,0,1,1,2,0,0,0,0,0,0,0,0,0,0,0,0,0,0,0,0,0,0,0,0,0,22467,92,0.005500802,0,0,0,0,0,1,0,1,0,0,0,0,0,0,0,0,0,0,0,1,0,0,0,0,0,0,0,0,0,0,0,1,0,0,0,0,1,0,1,1,1,0,0,0,1,0,1,7505,1,0,4,Normal
0.414808149,1,60,1,1,3,20,3,1,1,1,3,0,1,1,1,1,1,0,0,1,1,1,1,1,0,0,1,1,0,1,1,0,2,0,0.0,1,1,1,0,1,0,0,0,1,1,1,1,0,1,1,0,1,0,1,2,0,1,1,1,2,0,1,0,0,0,0,1,1,0,1,1,1,0,1,1,1,0,1,0,1,1,1,1,1,1,2,ARPPoisoning
0.000368114,24,97,0,0,0,0,0,0,1,1,2,0,0,0,0,0,0,0,0,0,0,0,0,0,0,0,0,0,0,0,0,0,33819,412,0.000368114,0,0,0,0,0,1,0,1,0,0,0,0,0,0,0,0,0,0,0,1,0,0,0,0,0,0,0,0,0,0,0,1,0,0,0,0,1,0,1,1,1,0,0,0,1,0,1,8378,1,0,4,Normal
3e-08,30,86,0,0,0,0,0,0,1,1,2,0,0,0,0,0,0,3097479,3472245197,23960,0,0,0,0,51229,443,5,3,0,349,0,1357,0,0,0.0,0,0,0,0,0,1,0,1,0,5,2,0,32247,2,0,0,0,2025,0,1,0,0,0,0,0,0,0,0,0,0,0,1,8,0,0,0,1,0,1,1,1,0,0,0,1,0,1,0,1,0,4,Normal
8.12e-05,11,94,60680,3496,1,1,1,38667,1,1,3,0,1,1,1,1,1,0,0,59148,1,1,4,1,50963,80,3,2,0,43211,1,2203941072,0,0,0.0,1,1,1,0,0,1,0,1,68,20,2,1,0,2,1,3,1,64240,0,2,0,1,1,1,2,1460,1,0,0,402,0,1,4,0,0,1,1,0,1,1,1,0,4,0,1,11,1,0,1,1,3,Backdoor
3.6e-08,30,110,0,0,0,0,0,0,1,1,2,0,0,0,0,0,0,2717319,3471865037,38178,0,0,0,0,51229,443,5,3,0,1890,0,1357,0,0,0.0,0,0,0,0,0,1,0,1,0,5,2,0,0,2,0,0,0,2070,0,1,0,0,0,0,0,0,0,0,0,0,0,1,8,30,0,0,1,0,1,1,1,0,0,0,1,0,1,0,1,0,4,Normal
0.005933633,34,95,0,0,0,0,0,0,1,1,2,0,0,0,0,0,0,0,0,0,0,0,0,0,0,0,0,0,0,0,0,0,34799,547,0.005933633,0,0,0,0,0,1,0,1,0,0,0,0,0,0,0,0,0,0,0,1,0,0,0,0,0,0,0,0,0,0,0,1,0,0,0,0,1,0,1,1,1,33,0,0,1,0,1,14654,1,0,4,Normal
0.006729804,30,58,60674,3471,1,1,1,1,1,1,3,0,1,1,1,1,1,0,0,30597,1,0,4,1,55408,54045,3,2,0,43203,1,0,2,0,0.0,1,1,1,0,1,1,0,1,42,13,2,1,0,2,1,0,1,1024,1,2,0,1,1,1,2,1460,1,0,0,0,0,1,2,0,1,1,1,0,1,1,1,0,2,0,1,11,1,1,1,1,6,VUlnerability_Scan
0.00518189,11,70,57486,5975,1,1,1,40778,1,1,3,0,1,1,1,1,1,0,0,1,1,1,1,1,0,0,1,1,0,1,1,0,0,0,0.0,0,1,1,0,0,1,0,1,78,1,1,1,0,1,1,5,1,0,0,2,0,0,1,0,2,0,1,0,0,0,0,1,1,0,1,1,1,0,1,1,1,8,3,0,1,1,1,0,1,1,5,ICMPredirect
1.28e-07,30,60,60673,3470,1,1,1,1,1,1,3,0,1,1,1,1,1,1,1423493021,9014,1,4,0,1,2366,42976,8,3,0,0,1,1,2,0,0.0,1,1,1,0,0,1,0,1,56,13,2,1,369,2,1,0,1,0,1,2,0,1,1,1,2,0,1,0,0,0,0,1,0,0,1,1,1,0,1,1,1,0,6,0,1,0,1,1,1,1,6,VUlnerability_Scan
3.93e-07,24,84,0,0,0,0,0,0,1,1,2,0,0,0,0,0,0,0,0,0,0,0,0,0,0,0,0,0,0,0,0,0,22484,360,3.93e-07,0,0,0,0,0,1,0,1,0,0,0,0,0,0,0,0,0,0,0,1,0,0,0,0,0,0,0,0,0,0,0,1,0,0,0,0,1,0,1,1,1,0,0,0,1,0,1,2160,1,0,4,Normal
0.399025078,34,644,0,0,0,0,0,0,1,1,2,0,0,0,0,0,0,0,0,0,0,0,0,0,0,0,0,0,0,0,0,0,27468,111,0.399025078,0,0,0,0,0,1,0,1,0,0,0,0,0,0,0,0,0,0,0,1,0,0,0,0,0,0,0,0,0,0,0,1,0,0,0,0,1,0,1,1,1,582,0,0,1,0,1,6402,1,0,4,Normal
8.1e-08,30,60,60670,3470,1,1,1,1,1,1,3,0,1,1,1,1,1,1,4232637949,17847,1,4,0,1,14000,35062,8,3,0,0,1,1,2,0,0.0,1,1,1,0,0,1,0,1,56,13,2,1,1297,2,1,0,1,0,1,2,0,1,1,1,2,0,1,0,0,0,0,1,0,0,1,1,1,0,1,1,1,0,6,0,1,0,1,1,1,1,6,VUlnerability_Scan
6.68e-05,11,102,60679,3472,1,1,1,38875,1,1,3,0,1,1,1,1,1,0,0,48581,1,1,4,1,48045,80,3,2,0,47886,1,402547068,0,0,0.0,1,1,1,0,1,1,0,1,84,20,2,1,0,2,1,3,1,65535,0,2,0,1,1,1,2,1460,1,99190465,0,402,0,1,7,0,0,1,1,0,1,1,1,0,4,0,1,11,1,0,1,1,3,Backdoor
0.395336508,12,110,0,0,0,0,0,0,1,1,2,0,0,0,0,0,0,0,0,0,0,0,0,0,0,0,0,0,0,0,0,0,0,0,0.0,0,0,0,0,1,0,0,1,0,0,0,0,0,0,0,0,2,0,0,1,0,0,0,0,0,0,0,0,0,0,0,1,0,0,0,0,1,0,1,1,1,0,0,0,1,0,1,0,1,0,4,Normal
3.8e-08,30,1514,0,0,0,0,0,0,1,1,2,0,0,0,0,0,0,1357,1338354294,55280,0,0,0,0,443,51229,5,3,1440,0,14834,2838279,0,0,0.0,0,0,0,0,0,1,0,1,0,5,2,0,0,2,0,0,0,501,0,1,0,0,0,0,0,0,0,0,0,0,0,1,0,0,4,0,1,354240,1,1,1,0,0,0,1,0,1,0,1,0,4,Normal
0.006452046,11,70,57486,5975,1,1,1,34397,1,1,3,0,1,1,1,1,1,0,0,1,1,1,1,1,0,0,1,1,0,1,1,0,0,0,0.0,0,1,1,0,0,1,0,1,78,1,1,1,0,1,1,5,1,0,0,2,0,0,1,0,2,0,1,0,0,0,0,1,1,0,1,1,1,0,1,1,1,8,3,0,1,1,1,0,1,1,5,ICMPredirect
0.021538828,34,89,0,0,0,0,0,0,1,1,2,0,0,0,0,0,0,0,0,0,0,0,0,0,0,0,0,0,0,0,0,0,22386,547,0.092821543,0,0,0,0,0,1,0,1,0,0,0,0,0,0,0,0,0,0,0,1,0,0,0,0,0,0,0,0,0,0,0,1,0,0,0,0,1,0,1,1,1,27,0,0,1,0,1,9579,1,0,4,Normal
0.000378136,24,138,0,0,0,0,0,0,1,1,2,0,0,0,0,0,0,0,0,0,0,0,0,0,0,0,0,0,0,0,0,0,29602,127,0.000378136,0,0,0,0,0,1,0,1,0,0,0,0,0,0,0,0,0,0,0,1,0,0,0,0,1,0,0,0,0,0,0,1,0,0,0,0,1,0,1,1,1,0,0,0,1,0,1,20339,1,0,4,Normal
0.000698122,11,70,57485,3544,1,1,1,40264,1,1,3,0,1,1,1,1,1,0,0,1,1,1,1,1,51050,443,1,1,0,1,1,20675389,0,0,0.0,0,1,1,0,0,1,0,1,68,1,1,1,0,1,1,5,1,0,0,2,0,0,1,0,2,0,1,0,0,0,0,1,1,0,1,1,1,0,1,1,1,0,4,0,1,1,1,0,1,1,5,ICMPredirect
5.5e-08,30,60,60683,2944,0,0,0,0,1,1,2,0,0,0,0,0,0,2921,3239519241,7233,0,0,0,0,51322,443,5,3,0,0,0,330,0,0,0.0,0,0,0,0,0,1,0,1,15,5,2,0,42182,2,0,0,0,513,0,1,0,0,0,0,0,0,0,0,0,0,0,1,0,0,0,0,1,0,1,1,1,0,6,0,1,0,1,0,1,0,4,Normal
0.00024891,30,58,60674,3466,1,1,1,1,1,1,3,0,1,1,1,1,1,0,0,52977,1,0,4,1,39965,1099,3,2,0,43203,1,0,2,0,0.0,1,1,1,0,0,1,0,1,42,13,2,1,0,2,1,0,1,1024,1,2,0,1,1,1,2,1460,1,0,0,0,0,1,2,0,1,1,1,0,1,1,1,0,2,0,1,11,1,1,1,1,6,VUlnerability_Scan
4.1e-08,33,1514,0,0,0,0,0,0,1,1,2,0,0,0,0,0,0,1357,1338354294,32140,0,0,0,0,443,51229,5,3,1440,0,10902,168519,0,0,0.0,0,0,0,0,0,1,0,1,0,5,2,0,0,2,0,0,0,501,0,1,0,0,0,0,0,0,0,0,0,0,0,1,0,0,0,0,1,7200,1,1,1,0,0,0,1,0,1,0,1,0,4,Normal
7.8e-05,30,58,60674,3452,1,1,1,1,1,1,3,0,1,1,1,1,1,0,0,15137,1,0,4,0,53066,1201,3,2,0,43203,1,0,2,0,0.0,1,1,1,0,0,1,0,1,51,13,2,1,0,2,1,0,1,1024,1,2,0,1,1,1,2,1460,1,0,0,0,0,1,2,0,1,1,1,0,1,1,1,0,2,0,1,11,1,1,1,1,6,VUlnerability_Scan
3.5e-08,30,110,0,0,0,0,0,0,1,1,2,0,0,0,0,0,0,1912359,3471060077,50390,0,0,0,0,51229,443,5,3,0,1797,0,1357,0,0,0.0,0,0,0,0,0,1,0,1,0,5,2,0,0,2,0,0,0,2070,0,1,0,0,0,0,0,0,0,0,0,0,0,1,8,6,0,0,1,0,1,1,1,0,0,0,1,0,1,0,1,0,4,Normal
0.005314355,11,70,57486,5975,1,1,1,1192,1,1,3,0,1,1,1,1,1,0,0,1,1,1,1,1,0,0,1,1,0,1,1,0,0,0,0.0,0,1,1,0,0,1,0,1,78,1,1,1,0,1,1,5,1,0,0,2,0,0,1,0,2,0,1,0,0,0,0,1,1,0,1,1,1,0,1,1,1,8,3,0,1,1,1,0,1,1,5,ICMPredirect
3.22e-07,30,74,60671,3470,1,1,1,0,1,1,3,0,1,1,1,1,1,0,0,25620,1,1,4,1,60092,80,3,2,0,42699,1,0,0,0,0.0,1,1,1,0,0,1,0,1,56,20,2,1,0,2,1,0,1,65535,0,2,0,1,1,1,2,1420,1,1711401,0,402,0,1,7,0,0,1,1,0,1,1,1,0,6,0,1,9,1,0,1,1,3,Backdoor
0.661751638,1,42,1,1,8,2,2,1,1,1,3,0,1,1,1,1,1,0,0,1,1,1,1,1,0,0,1,1,0,1,1,0,2,0,0.0,1,1,1,0,0,1,0,0,1,1,1,1,0,1,1,0,1,0,1,2,0,1,1,1,2,0,1,0,0,0,0,1,1,0,1,1,1,0,1,1,1,0,1,0,1,1,1,1,1,1,2,ARPPoisoning
0.097536712,1,60,1,1,11,20,2,1,1,1,3,0,1,1,1,1,1,0,0,1,1,1,1,1,0,0,1,1,0,1,1,0,2,0,0.0,1,1,1,0,0,1,0,2,1,1,1,1,0,1,1,0,1,0,1,2,0,1,1,1,2,0,1,0,0,0,0,1,1,0,1,1,1,0,1,1,1,0,1,0,1,1,1,1,1,1,2,ARPPoisoning
0.000860814,19,92,0,0,0,0,0,0,1,1,2,0,0,0,0,0,0,0,0,0,0,0,0,0,0,0,0,0,0,0,0,0,29422,26,117.0807511,7,0,0,0,1,0,0,1,0,0,0,0,0,0,0,0,0,0,0,1,0,2,0,2,0,0,0,0,0,0,0,1,0,0,0,0,1,0,1,1,1,0,0,0,1,0,1,43480,1,0,4,Normal
2.6e-08,33,1514,0,0,0,0,0,0,1,1,2,0,0,0,0,0,0,1357,1338354294,34104,0,0,0,0,443,51229,5,3,1440,0,11672,2756199,0,0,0.0,0,0,0,0,0,1,0,1,0,5,2,0,0,2,0,0,0,501,0,1,0,0,0,0,0,0,0,0,0,0,0,1,0,0,0,0,1,15840,1,1,1,0,0,0,1,0,1,0,1,0,4,Normal
3.3e-08,24,84,0,0,0,0,0,0,1,1,2,0,0,0,0,0,0,0,0,0,0,0,0,0,0,0,0,0,0,0,0,0,22484,360,3.3e-08,0,0,0,0,0,1,0,1,0,0,0,0,0,0,0,0,0,0,0,1,0,0,0,0,0,0,0,0,0,0,0,1,0,0,0,0,1,0,1,1,1,0,0,0,1,0,1,16743,1,0,4,Normal
0.035666035,30,86,0,0,0,0,0,0,1,1,2,0,0,0,0,0,0,3586,72359465,42464,0,0,0,0,80,50855,5,3,0,36,0,4065,0,0,0.0,0,0,0,0,0,1,0,1,0,10,2,0,21528,2,0,0,0,256,0,1,0,0,0,0,0,0,0,0,0,0,0,1,8,0,0,0,1,0,1,1,1,0,0,0,1,0,1,0,1,0,4,Normal
0.006994775,11,70,57486,5975,1,1,1,50067,1,1,3,0,1,1,1,1,1,0,0,1,1,1,1,1,0,0,1,1,0,1,1,0,0,0,0.0,0,1,1,0,0,1,0,1,78,1,1,1,0,1,1,5,1,0,0,2,0,0,1,0,2,0,1,0,0,0,0,1,1,0,1,1,1,0,1,1,1,8,3,0,1,1,1,0,1,1,5,ICMPredirect
0.000577032,24,140,0,0,0,0,0,0,1,1,2,0,0,0,0,0,0,0,0,0,0,0,0,0,0,0,0,0,0,0,0,0,26775,494,0.000577032,0,0,0,0,0,1,0,1,0,0,0,0,0,0,0,0,0,0,0,1,0,0,0,0,3,0,0,0,0,0,0,1,0,0,0,0,1,0,1,1,1,0,0,0,1,0,1,18703,1,0,4,Normal
0.155126257,26,167,60671,4871,0,0,0,0,1,1,2,0,0,4,4,2,0,0,0,0,0,0,0,0,0,0,0,0,0,0,0,0,14771,796,0.0,0,0,0,0,0,0,0,1,2,0,0,0,0,0,0,0,0,0,0,1,0,0,0,0,0,0,0,0,0,0,0,1,0,0,0,0,1,0,1,1,1,0,6,0,1,0,1,23752,1,0,4,Normal
0.001938027,30,74,60681,3470,1,1,1,0,1,1,3,0,1,1,1,1,1,0,0,37386,1,1,4,1,48379,80,3,2,0,48018,1,0,0,0,0.0,1,1,1,0,0,1,1,1,56,20,2,1,0,2,1,0,1,65535,0,2,0,1,1,1,2,1460,1,99292535,0,402,0,1,7,0,0,1,1,0,1,1,1,0,6,0,1,11,1,0,1,1,3,Backdoor
6.9e-05,30,58,60674,3466,1,1,1,1,1,1,3,0,1,1,1,1,1,0,0,48450,1,0,4,1,39965,5922,3,2,0,43203,1,0,2,0,0.0,1,1,1,0,0,1,0,1,45,13,2,1,0,2,1,0,1,1024,1,2,0,1,1,1,2,1460,1,0,0,0,0,1,2,0,1,1,1,0,1,1,1,0,2,0,1,11,1,1,1,1,6,VUlnerability_Scan
0.039696753,34,87,0,0,0,0,0,0,1,1,2,0,0,0,0,0,0,0,0,0,0,0,0,0,0,0,0,0,0,0,0,0,22218,254,0.039696753,0,0,0,0,0,1,0,1,0,0,0,0,0,0,0,0,0,0,0,1,0,0,0,0,0,0,0,0,0,0,0,1,0,0,0,0,1,0,1,1,1,25,0,0,1,0,1,33204,1,0,4,Normal
4.5e-08,30,110,0,0,0,0,0,0,1,1,2,0,0,0,0,0,0,2717319,3471865037,24919,0,0,0,0,51229,443,5,3,0,1937,0,1357,0,0,0.0,0,0,0,0,0,1,0,1,0,5,2,0,0,2,0,0,0,2070,0,1,0,0,0,0,0,0,0,0,0,0,0,1,8,77,0,0,1,0,1,1,1,0,0,0,1,0,1,0,1,0,4,Normal
0.000752969,24,97,0,0,0,0,0,0,1,1,2,0,0,0,0,0,0,0,0,0,0,0,0,0,0,0,0,0,0,0,0,0,27345,319,0.000752969,0,0,0,0,0,1,0,1,0,0,0,0,0,0,0,0,0,0,0,1,0,0,0,0,0,0,0,0,0,0,0,1,0,0,0,0,1,0,1,1,1,0,0,0,1,0,1,27855,1,0,4,Normal
0.000472212,24,174,0,0,0,0,0,0,1,1,2,0,0,0,0,0,0,0,0,0,0,0,0,0,0,0,0,0,0,0,0,0,32955,358,0.000472212,0,0,0,0,0,1,0,1,0,0,0,0,0,0,0,0,0,0,0,1,0,0,0,0,3,0,0,0,0,0,0,1,0,0,0,0,1,0,1,1,1,0,0,0,1,0,1,22472,1,0,4,Normal
0.024386097,1,60,1,1,3,27,3,1,1,1,3,0,1,1,1,1,1,0,0,1,1,1,1,1,0,0,1,1,0,1,1,0,2,0,0.0,1,1,1,0,1,0,0,0,1,1,1,1,0,1,1,0,1,0,1,2,0,1,1,1,2,0,1,0,0,0,0,1,1,0,1,1,1,0,1,1,1,0,1,0,1,1,1,1,1,1,2,ARPPoisoning
0.086261388,1,42,1,1,6,2,2,1,1,1,3,0,1,1,1,1,1,0,0,1,1,1,1,1,0,0,1,1,0,1,1,0,2,0,0.0,1,1,1,0,0,1,0,0,1,1,1,1,0,1,1,0,1,0,1,2,0,1,1,1,2,0,1,0,0,0,0,1,1,0,1,1,1,0,1,1,1,0,1,0,1,1,1,1,1,1,2,ARPPoisoning
0.032578088,24,579,0,0,0,0,0,0,1,1,2,0,0,0,0,0,0,0,0,0,0,0,0,0,0,0,0,0,0,0,0,0,22291,498,0.032578088,0,0,0,0,0,1,0,1,0,0,0,0,0,0,0,0,0,0,0,1,0,0,0,0,0,0,0,0,0,0,0,1,0,0,0,0,1,0,1,1,1,0,0,0,1,0,1,32105,1,0,4,Normal
2.8e-08,30,110,0,0,0,0,0,0,1,1,2,0,0,0,0,0,0,967719,3470115437,22304,0,0,0,0,51229,443,5,3,0,1480,0,1357,0,0,0.0,0,0,0,0,0,1,0,1,0,5,2,0,0,2,0,0,0,2070,0,1,0,0,0,0,0,0,0,0,0,0,0,1,8,67,0,0,1,0,1,1,1,0,0,0,1,0,1,0,1,0,4,Normal
0.238210334,1,60,1,1,3,21,3,1,1,1,3,0,1,1,1,1,1,0,0,1,1,1,1,1,0,0,1,1,0,1,1,0,2,0,0.0,1,1,1,0,1,0,0,0,1,1,1,1,0,1,1,0,1,0,1,2,0,1,1,1,2,0,1,0,0,0,0,1,1,0,1,1,1,0,1,1,1,0,1,0,1,1,1,1,1,1,2,ARPPoisoning
0.004620759,11,70,57486,5975,1,1,1,17710,1,1,3,0,1,1,1,1,1,0,0,1,1,1,1,1,0,0,1,1,0,1,1,0,0,0,0.0,0,1,1,0,0,1,0,1,78,1,1,1,0,1,1,5,1,0,0,2,0,0,1,0,2,0,1,0,0,0,0,1,1,0,1,1,1,0,1,1,1,8,3,0,1,1,1,0,1,1,5,ICMPredirect
0.001586084,11,70,57496,5973,1,1,1,48111,1,1,3,0,1,1,1,1,1,0,0,1,1,1,1,1,0,0,1,1,0,1,1,0,0,0,0.0,0,1,1,0,0,1,0,1,78,1,1,1,0,1,1,5,1,0,0,2,0,0,1,0,2,0,1,0,0,0,0,1,1,0,1,1,1,0,1,1,1,8,3,0,1,1,1,0,1,1,5,ICMPredirect
0.007492031,11,70,57485,3482,1,1,1,32723,1,1,3,0,1,1,1,1,1,0,0,1,1,1,1,1,50106,5671,1,1,0,1,1,3976213846,0,0,0.0,0,1,1,0,0,1,0,1,68,1,1,1,0,1,1,5,1,0,0,2,0,0,1,0,2,0,1,0,0,0,0,1,1,0,1,1,1,0,1,1,1,0,4,0,1,1,1,0,1,1,5,ICMPredirect
0.030117383,24,182,0,0,0,0,0,0,1,1,2,0,0,0,0,0,0,0,0,0,0,0,0,0,0,0,0,0,0,0,0,0,22022,392,0.030117383,0,0,0,0,0,1,0,1,0,0,0,0,0,0,0,0,0,0,0,1,0,0,0,0,0,0,0,0,0,0,0,1,0,0,0,0,1,0,1,1,1,0,0,0,1,0,1,48204,1,0,4,Normal
0.000735959,24,1288,0,0,0,0,0,0,1,1,2,0,0,0,0,0,0,0,0,0,0,0,0,0,0,0,0,0,0,0,0,0,25847,492,0.000735959,0,0,0,0,0,1,0,1,0,0,0,0,0,0,0,0,0,0,0,1,0,0,0,0,0,0,0,0,0,0,0,1,0,0,0,0,1,0,1,1,1,0,0,0,1,0,1,30518,1,0,4,Normal
2e-08,30,60,60682,3470,1,1,1,1,1,1,3,0,1,1,1,1,1,1,3767647802,24142,1,4,0,1,2401,59386,8,3,0,0,1,1,2,0,0.0,1,1,1,0,0,1,0,1,56,13,2,1,3826,2,1,0,1,0,1,2,0,1,1,1,2,0,1,0,0,0,0,1,0,0,1,1,1,0,1,1,1,0,6,0,1,0,1,1,1,1,6,VUlnerability_Scan
0.033020361,34,94,0,0,0,0,0,0,1,1,2,0,0,0,0,0,0,0,0,0,0,0,0,0,0,0,0,0,0,0,0,0,22061,155,0.033020361,0,0,0,0,0,1,0,1,0,0,0,0,0,0,0,0,0,0,0,1,0,0,0,0,0,0,0,0,0,0,0,1,0,0,0,0,1,0,1,1,1,32,0,0,1,0,1,19358,1,0,4,Normal
0.001941762,11,70,57485,3527,1,1,1,29252,1,1,3,0,1,1,1,1,1,0,0,1,1,1,1,1,51083,443,1,1,0,1,1,4270642357,0,0,0.0,0,1,1,0,0,1,0,1,68,1,1,1,0,1,1,5,1,0,0,2,0,0,1,0,2,0,1,0,0,0,0,1,1,0,1,1,1,0,1,1,1,0,4,0,1,1,1,0,1,1,5,ICMPredirect
0.065664889,32,108,116774,3475,0,0,0,0,1,1,2,0,0,0,0,0,0,1045,3827494383,23000,0,0,0,0,443,51258,9,3,54,0,4930,5581,0,0,0.0,0,0,0,0,0,1,0,1,17,5,3,3,36689,2,0,0,0,114,0,1,0,0,0,0,0,0,0,0,0,0,0,1,0,0,0,0,1,54,1,1,1,0,6,0,1,0,1,0,1,0,4,Normal
0.020083404,30,66,4316,3475,0,0,0,0,1,1,2,0,0,0,0,0,0,1,2666748372,61644,0,0,0,4,443,51189,7,3,0,43111,0,0,0,0,0.0,0,0,0,0,0,1,0,1,9,3,2,0,24472,2,0,0,0,65535,0,1,0,0,0,0,0,1440,0,0,0,402,0,1,4,0,0,0,1,0,1,1,1,0,6,0,1,10,1,0,1,0,4,Normal
0.024300908,34,87,0,0,0,0,0,0,1,1,2,0,0,0,0,0,0,0,0,0,0,0,0,0,0,0,0,0,0,0,0,0,22218,254,0.024300908,0,0,0,0,0,1,0,1,0,0,0,0,0,0,0,0,0,0,0,1,0,0,0,0,0,0,0,0,0,0,0,1,0,0,0,0,1,0,1,1,1,25,0,0,1,0,1,11560,1,0,4,Normal
0.379875261,13,60,60672,4841,0,0,0,0,1,1,2,0,0,0,0,0,0,0,0,0,0,0,0,0,0,0,0,0,0,0,0,0,0,0,0.0,0,0,0,0,0,0,0,1,2,0,0,0,0,0,0,0,0,0,0,1,0,0,0,0,0,0,0,0,0,0,0,1,0,0,0,0,1,0,1,1,1,0,2,0,1,0,1,0,1,0,4,Normal
4.3e-08,30,110,0,0,0,0,0,0,1,1,2,0,0,0,0,0,0,1876359,3471024077,32886,0,0,0,0,51229,443,5,3,0,1852,0,1357,0,0,0.0,0,0,0,0,0,1,0,1,0,5,2,0,0,2,0,0,0,2070,0,1,0,0,0,0,0,0,0,0,0,0,0,1,8,227,0,0,1,0,1,1,1,0,0,0,1,0,1,0,1,0,4,Normal
5.04e-05,30,58,60674,3475,1,1,1,1,1,1,3,0,1,1,1,1,1,0,0,42788,1,0,4,0,61835,1234,3,2,0,43203,1,0,2,0,0.0,1,1,1,0,0,1,0,1,43,20,2,1,0,2,1,0,1,1024,1,2,0,1,1,1,2,1460,1,0,0,0,0,1,2,0,1,1,1,0,1,1,1,0,2,0,1,11,1,1,1,1,6,VUlnerability_Scan
0.00582965,11,70,57535,5963,1,1,1,8067,1,1,3,0,1,1,1,1,1,0,0,1,1,1,1,1,0,0,1,1,0,1,1,0,0,0,0.0,0,1,1,0,0,1,0,1,78,1,1,1,0,1,1,5,1,0,0,2,0,0,1,0,2,0,1,0,0,0,0,1,1,0,1,1,1,0,1,1,1,8,3,0,1,1,1,0,1,1,5,ICMPredirect
0.030121537,1,60,1,1,4,2,3,1,1,1,3,0,1,1,1,1,1,0,0,1,1,1,1,1,0,0,1,1,0,1,1,0,2,0,0.0,1,1,1,0,0,1,0,0,1,1,1,1,0,1,1,0,1,0,1,2,0,1,1,1,2,0,1,0,0,0,0,1,1,0,1,1,1,0,1,1,1,0,1,0,1,1,1,1,1,1,2,ARPPoisoning
1.97e-07,24,86,0,0,0,0,0,0,1,1,2,0,0,0,0,0,0,0,0,0,0,0,0,0,0,0,0,0,0,0,0,0,22539,574,1.97e-07,0,0,0,0,0,1,0,1,0,0,0,0,0,0,0,0,0,0,0,1,0,0,0,0,0,0,0,0,0,0,0,1,0,0,0,0,1,0,1,1,1,0,0,0,1,0,1,28285,1,0,4,Normal
0.007636769,1,60,1,1,10,2,3,1,1,1,3,0,1,1,1,1,1,0,0,1,1,1,1,1,0,0,1,1,0,1,1,0,2,0,0.0,1,1,1,0,1,0,1,0,1,1,1,1,0,1,1,0,1,0,1,2,0,1,1,1,2,0,1,0,0,0,0,1,1,0,1,1,1,0,1,1,1,0,1,0,1,1,1,1,1,1,2,ARPPoisoning
7.36e-05,11,70,57486,5975,1,1,1,22360,1,1,3,0,1,1,1,1,1,0,0,1,1,1,1,1,0,0,1,1,0,1,1,0,0,0,0.0,0,1,1,0,0,1,0,1,78,1,1,1,0,1,1,5,1,0,0,2,0,0,1,0,2,0,1,0,0,0,0,1,1,0,1,1,1,0,1,1,1,8,3,0,1,1,1,0,1,1,5,ICMPredirect
0.006708663,24,94,0,0,0,0,0,0,1,1,2,0,0,0,0,0,0,0,0,0,0,0,0,0,0,0,0,0,0,0,0,0,34990,690,0.025779609,0,0,0,0,0,1,0,1,0,0,0,0,0,0,0,0,0,0,0,1,0,0,0,0,0,0,0,0,0,0,0,1,0,0,0,0,1,0,1,1,1,0,0,0,1,0,1,2519,1,0,4,Normal
0.021380028,30,86,0,0,0,0,0,0,1,1,2,0,0,0,0,0,0,1,3593491155,7108,0,0,0,4,443,51221,7,3,0,43111,0,0,0,0,0.0,0,0,0,0,0,1,0,1,0,4,2,0,27868,2,0,0,0,65535,0,1,0,0,0,0,0,1440,0,0,0,402,0,1,4,0,0,0,1,0,1,1,1,0,0,0,1,10,1,0,1,0,4,Normal
0.000442478,1,42,1,1,3,24,2,1,1,1,3,0,1,1,1,1,1,0,0,1,1,1,1,1,0,0,1,1,0,1,1,0,2,0,0.0,1,1,1,0,0,1,0,2,1,1,1,1,0,1,1,0,1,0,1,2,0,1,1,1,2,0,1,0,0,0,0,1,1,0,1,1,1,0,1,1,1,0,1,0,1,1,1,1,1,1,2,ARPPoisoning
0.007375577,1,60,1,1,12,16,3,1,1,1,3,0,1,1,1,1,1,0,0,1,1,1,1,1,0,0,1,1,0,1,1,0,2,0,0.0,1,1,1,0,1,0,0,0,1,1,1,1,0,1,1,0,1,0,1,2,0,1,1,1,2,0,1,0,0,0,0,1,1,0,1,1,1,0,1,1,1,0,1,0,1,1,1,1,1,1,2,ARPPoisoning
3.6e-08,30,60,60670,3470,1,1,1,1,1,1,3,0,1,1,1,1,1,1,4232637949,24559,1,4,0,1,7004,35062,8,3,0,0,1,1,2,0,0.0,1,1,1,0,0,1,0,1,56,13,2,1,1022,2,1,0,1,0,1,2,0,1,1,1,2,0,1,0,0,0,0,1,0,0,1,1,1,0,1,1,1,0,6,0,1,0,1,1,1,1,6,VUlnerability_Scan
0.006146923,11,70,57486,5975,1,1,1,30420,1,1,3,0,1,1,1,1,1,0,0,1,1,1,1,1,0,0,1,1,0,1,1,0,0,0,0.0,0,1,1,0,0,1,0,1,78,1,1,1,0,1,1,5,1,0,0,2,0,0,1,0,2,0,1,0,0,0,0,1,1,0,1,1,1,0,1,1,1,8,3,0,1,1,1,0,1,1,5,ICMPredirect
0.016711273,24,89,0,0,0,0,0,0,1,1,2,0,0,0,0,0,0,0,0,0,0,0,0,0,0,0,0,0,0,0,0,0,22272,673,0.018724372,0,0,0,0,0,1,0,1,0,0,0,0,0,0,0,0,0,0,0,1,0,0,0,0,0,0,0,0,0,0,0,1,0,0,0,0,1,0,1,1,1,0,0,0,1,0,1,25644,1,0,4,Normal
-2.64e-06,30,60,60673,3470,1,1,1,1,1,1,3,0,1,1,1,1,1,1,1423493021,2258,1,4,0,1,9502,42976,8,3,0,0,1,1,2,0,0.0,1,1,1,0,0,1,0,1,56,13,2,1,1072,2,1,0,1,0,1,2,0,1,1,1,2,0,1,0,0,0,0,1,0,0,1,1,1,0,1,1,1,0,6,0,1,0,1,1,1,1,6,VUlnerability_Scan
1.16e-06,24,183,0,0,0,0,0,0,1,1,2,0,0,0,0,0,0,0,0,0,0,0,0,0,0,0,0,0,0,0,0,0,22304,217,1.16e-06,0,0,0,0,0,1,0,1,0,0,0,0,0,0,0,0,0,0,0,1,0,0,0,0,0,0,0,0,0,0,0,1,0,0,0,0,1,0,1,1,1,0,0,0,1,0,1,27254,1,0,4,Normal
0.180961542,12,110,0,0,0,0,0,0,1,1,2,0,0,0,0,0,0,0,0,0,0,0,0,0,0,0,0,0,0,0,0,0,0,0,0.0,0,0,0,0,1,0,0,1,0,0,0,0,0,0,0,0,2,0,0,1,0,0,0,0,0,0,0,0,0,0,0,1,0,0,0,0,1,0,1,1,1,0,0,0,1,0,1,0,1,0,4,Normal
0.000167703,11,70,57486,5975,1,1,1,37853,1,1,3,0,1,1,1,1,1,0,0,1,1,1,1,1,0,0,1,1,0,1,1,0,0,0,0.0,0,1,1,0,0,1,0,1,78,1,1,1,0,1,1,5,1,0,0,2,0,0,1,0,2,0,1,0,0,0,0,1,1,0,1,1,1,0,1,1,1,8,3,0,1,1,1,0,1,1,5,ICMPredirect
0.000540392,11,70,57538,5963,1,1,1,2637,1,1,3,0,1,1,1,1,1,0,0,1,1,1,1,1,0,0,1,1,0,1,1,0,0,0,0.0,0,1,1,0,0,1,0,1,78,1,1,1,0,1,1,5,1,0,0,2,0,0,1,0,2,0,1,0,0,0,0,1,1,0,1,1,1,0,1,1,1,8,3,0,1,1,1,0,1,1,5,ICMPredirect
4.58e-07,32,174,116774,3475,0,0,0,0,1,1,2,0,0,0,0,0,0,443,3499564517,14103,0,0,0,0,443,51075,9,3,120,0,2143,5419,0,0,0.0,0,0,0,0,0,1,0,1,21,5,3,11,0,2,0,0,0,110,0,1,0,0,9,0,0,0,0,0,0,0,0,1,0,0,0,0,1,120,1,1,1,0,6,0,1,0,1,0,1,0,4,Normal
0.000445062,1,60,1,1,4,2,2,1,1,1,3,0,1,1,1,1,1,0,0,1,1,1,1,1,0,0,1,1,0,1,1,0,2,0,0.0,1,1,1,0,0,1,0,0,1,1,1,1,0,1,1,0,1,0,1,2,0,1,1,1,2,0,1,0,0,0,0,1,1,0,1,1,1,0,1,1,1,0,1,0,1,1,1,1,1,1,2,ARPPoisoning
0.204932102,13,60,60672,4841,0,0,0,0,1,1,2,0,0,0,0,0,0,0,0,0,0,0,0,0,0,0,0,0,0,0,0,0,0,0,0.0,0,0,0,0,0,0,0,1,2,0,0,0,0,0,0,0,0,0,0,1,0,0,0,0,0,0,0,0,0,0,0,1,0,0,0,0,1,0,1,1,1,0,2,0,1,0,1,0,1,0,4,Normal
5.83e-05,30,58,60674,3465,1,1,1,1,1,1,3,0,1,1,1,1,1,0,0,23873,1,0,4,1,35062,636,3,2,0,43203,1,0,2,0,0.0,1,1,1,0,0,1,0,1,39,13,2,1,0,2,1,0,1,1024,1,2,0,1,1,1,2,1460,1,0,0,0,0,1,2,0,1,1,1,0,1,1,1,0,2,0,1,11,1,1,1,1,6,VUlnerability_Scan
4.98e-07,34,98,0,0,0,0,0,0,1,1,2,0,0,0,0,0,0,0,0,0,0,0,0,0,0,0,0,0,0,0,0,0,22061,155,4.98e-07,0,0,0,0,0,1,0,1,0,0,0,0,0,0,0,0,0,0,0,1,0,0,0,0,0,0,0,0,0,0,0,1,0,0,0,0,1,0,1,1,1,36,0,0,1,0,1,48639,1,0,4,Normal
1.06e-07,24,77,60683,4527,0,0,0,0,1,1,2,0,0,0,0,0,0,0,0,0,0,0,0,0,0,0,0,0,0,0,0,0,35483,305,1.06e-07,0,0,0,0,0,1,0,1,15,0,0,0,0,0,0,0,0,0,0,1,0,0,0,0,0,0,0,0,0,0,0,1,0,0,0,0,1,0,1,1,1,0,6,0,1,0,1,1327,1,0,4,Normal
0.000126232,1,42,1,1,3,24,2,1,1,1,3,0,1,1,1,1,1,0,0,1,1,1,1,1,0,0,1,1,0,1,1,0,2,0,0.0,1,1,1,0,0,1,0,2,1,1,1,1,0,1,1,0,1,0,1,2,0,1,1,1,2,0,1,0,0,0,0,1,1,0,1,1,1,0,1,1,1,0,1,0,1,1,1,1,1,1,2,ARPPoisoning
0.000230719,30,58,60674,3463,1,1,1,0,1,1,3,0,1,1,1,1,1,0,0,24010,1,0,4,1,48259,34572,3,2,0,43203,1,0,0,0,0.0,1,1,1,0,0,1,0,1,50,13,2,1,0,2,1,0,1,1024,0,2,0,1,1,1,2,1460,1,0,0,0,0,1,2,0,1,1,1,0,1,1,1,0,2,0,1,11,1,0,1,1,6,VUlnerability_Scan
